title;description;url;image_url
Automated Email Sender;A Python script that automates the process of sending emails using SMTP. Perfect for sending bulk emails or automated notifications.;https://github.com/example/automated-email-sender;https://github.com/example/automated-email-sender/image.png
Weather Forecast App;Build a Python app that retrieves weather forecast data from an API and displays it in a user-friendly interface. Great for learning API integration and GUI development.;https://github.com/example/weather-forecast-app;https://github.com/example/weather-forecast-app/image.png
ToDo List Web App;Create a simple web application using Flask that allows users to manage their to-do lists. Enhance your Python and web development skills with this project.;https://github.com/example/todo-list-web-app;https://github.com/example/todo-list-web-app/image.png
Data Visualization Tool;Build a data visualization tool with Python libraries like Matplotlib or Seaborn. Explore datasets and create insightful visualizations to gain valuable insights.;https://github.com/example/data-visualization-tool;https://github.com/example/data-visualization-tool/image.png
Chatbot with Natural Language Processing;Develop a chatbot using Python and Natural Language Processing (NLP) techniques. Train the bot to understand and respond to user queries in real-time.;https://github.com/example/chatbot-nlp;https://github.com/example/chatbot-nlp/image.png
Machine Learning Model Deployment;Learn to deploy machine learning models using Flask or Django. Turn your Python-based ML models into interactive web applications for practical use.;https://github.com/example/ml-model-deployment;https://github.com/example/ml-model-deployment/image.png
E-commerce Website;Create a fully functional e-commerce website using Django. Implement features like user authentication, product catalog, shopping cart, and secure payment processing.;https://github.com/example/e-commerce-website;https://github.com/example/e-commerce-website/image.png
Image Recognition System;Build an image recognition system using Python libraries like OpenCV and TensorFlow. Train the model to recognize objects or patterns in images with high accuracy.;https://github.com/example/image-recognition-system;https://github.com/example/image-recognition-system/image.png
Cryptocurrency Price Tracker;Develop a Python script that tracks real-time cryptocurrency prices from various exchanges. Use APIs like CoinGecko or CoinMarketCap for data retrieval.;https://github.com/example/crypto-price-tracker;https://github.com/example/crypto-price-tracker/image.png
Automated Testing Framework;Create an automated testing framework with Python's unittest or pytest libraries. Write test cases, perform unit testing, and ensure the reliability of your codebase.;https://github.com/example/automated-testing-framework;https://github.com/example/automated-testing-framework/image.png
